URL,Count,Last Visited
api.number.tm,795,2025-03-30 20:01:42
www.facebook.com,632,2025-03-30 23:22:26
www.amazon.de,588,2025-03-28 17:15:29
us-east-1.console.aws.amazon.com,478,2025-03-30 19:17:13
app.dev.number.tm,470,2025-03-28 17:40:08
a3space.org,419,2025-03-29 10:08:24
platform.openai.com,315,2025-03-28 16:04:38
www.telegram.hr,273,2025-03-30 19:11:09
www.google.com,270,2025-03-30 23:54:28
app.number.tm,253,2025-03-30 19:23:39
mail.google.com,234,2025-03-29 10:02:09
translate.google.com,217,2025-03-30 23:33:27
www.zvjezdarnica.com,209,2025-03-30 18:32:47
app-dev.number.tm,183,2025-03-28 17:31:07
www.bbc.com,160,2025-03-30 09:33:14
linear.app,158,2025-03-26 15:13:37
www.linkedin.com,140,2025-03-27 17:16:59
sendbee.sentry.io,114,2025-03-28 23:03:40
drive.google.com,104,2025-03-25 09:35:14
chatgpt.com,81,2025-03-30 23:32:58
calendar.google.com,67,2025-03-27 21:46:37
monitor.shodan.io,66,2025-03-28 13:14:31
community.openai.com,62,2025-03-30 18:07:51
arstechnica.com,50,2025-03-30 19:15:08
web.facebook.com,48,2025-03-28 17:23:58
photolibrary.esa.int,39,2025-03-27 15:08:30
framespage.com,35,2025-03-29 08:54:22
kibana.number.tm,35,2025-03-28 17:32:03
docs.google.com,33,2025-03-30 22:07:46
dashboard.stripe.com,33,2025-03-26 16:55:34
business.facebook.com,31,2025-03-24 10:45:46
www.mixcloud.com,30,2025-03-29 10:08:20
dashboard.pusher.com,29,2025-03-28 23:03:57
fast.com,27,2025-03-28 09:25:16
www.youtube.com,22,2025-03-27 17:16:46
markets.ft.com,22,2025-03-26 15:04:59
archive.ph,22,2025-03-27 09:29:55
accounts.google.com,20,2025-03-28 13:14:31
www.shodan.io,20,2025-03-24 16:31:45
maps.google.com,18,2025-03-28 14:11:17
maps.shodan.io,18,2025-03-24 16:30:29
asc.a3space.org,17,2025-03-27 14:28:10
us-east-1.signin.aws.amazon.com,17,2025-03-30 19:17:11
judo.hr,16,2025-03-27 11:10:18
account.shodan.io,13,2025-03-28 13:14:31
signin.aws.amazon.com,13,2025-03-29 10:01:07
pay.eewosecure.com,12,2025-03-25 11:15:27
aistudio.google.com,12,2025-03-27 17:16:54
form.wspay.biz,11,2025-03-25 11:15:30
auth.openai.com,11,2025-03-25 14:40:05
www.reddit.com,11,2025-03-29 10:08:18
x.com,11,2025-03-28 10:41:43
servers.number.tm,10,2025-03-24 16:18:07
uplati.grawe.hr,10,2025-03-25 11:15:32
mycheckout.eway2pay.com,9,2025-03-25 11:15:28
github.com,9,2025-03-27 12:37:57
stackoverflow.com,9,2025-03-30 23:54:31
ai.google.dev,9,2025-03-27 12:47:07
postimg.cc,9,2025-03-29 10:11:17
sentry.io,8,2025-03-28 09:15:38
www.esa.int,8,2025-03-27 15:06:22
images.shodan.io,8,2025-03-24 16:31:16
3dsmethod.eewosecure.com,7,2025-03-25 11:15:08
gist.github.com,7,2025-03-30 23:37:17
pay.vrilo.hr,6,2025-03-24 13:39:41
www.ft.com,6,2025-03-26 15:04:18
www.cursor.com,6,2025-03-25 11:20:15
tifosioptics.com,6,2025-03-27 09:53:40
ispc.eway2pay.com,5,2025-03-25 11:15:10
porezna-uprava.gov.hr,5,2025-03-26 10:17:33
www.grawe.hr,4,2025-03-28 14:20:49
developer.shodan.io,4,2025-03-24 16:27:16
us06web.zoom.us,4,2025-03-26 11:03:37
httpbin.org,4,2025-03-24 16:04:04
httpstat.us,4,2025-03-24 16:06:19
en.wikipedia.org,4,2025-03-25 22:33:29
elementor.com,4,2025-03-25 17:10:32
billing.stripe.com,4,2025-03-25 11:39:58
sendbee-prod.s3.amazonaws.com,4,2025-03-26 22:22:07
e.ate.wpml.org,4,2025-03-28 09:34:46
sci.hr,4,2025-03-30 22:07:34
arrrlo.github.io,3,2025-03-24 13:44:39
www.index.hr,3,2025-03-24 15:34:19
www.razoremporium.com,3,2025-03-24 17:03:15
www.tiktok.com,3,2025-03-24 22:16:51
multinorm.hr,3,2025-03-25 17:47:55
budosport.hr,3,2025-03-26 08:55:18
l.facebook.com,3,2025-03-26 23:27:50
uxplanet.org,3,2025-03-27 13:03:31
partner.gupshup.io,3,2025-03-28 09:50:40
partner-login.gupshup.io,3,2025-03-28 09:50:44
script.dotmetrics.rocks,2,2025-03-28 10:11:20
metakermit.substack.com,2,2025-03-24 13:52:08
developer.mozilla.org,2,2025-03-24 16:05:15
exploits.shodan.io,2,2025-03-24 16:33:32
www.vaspregled.hr,2,2025-03-28 14:10:59
www.poliklinika-zagreb.hr,2,2025-03-28 15:12:06
portal.judomanager.com,2,2025-03-27 11:10:19
app-va.tiktokv.com,2,2025-03-24 22:17:02
www.ibm.com,2,2025-03-30 09:33:28
gradske-nekretnine.zagreb.hr,2,2025-03-26 18:31:29
www.fakespot.com,2,2025-03-27 09:37:57
www.smartbuyglasses.com,2,2025-03-27 09:51:49
cloud.google.com,2,2025-03-27 12:45:42
ate.wpml.org,2,2025-03-28 09:34:45
partner-auth.gupshup.io,2,2025-03-28 09:50:44
primanova.hr,2,2025-03-28 14:43:13
www.priska-med.com,2,2025-03-28 14:41:44
driveangel.oryx-assistance.com,2,2025-03-30 09:33:19
forms.gle,2,2025-03-30 22:07:46
health.aws.amazon.com,1,2025-03-26 20:57:55
auth.splx.ai,1,2025-03-26 21:29:56
aws.amazon.com,1,2025-03-24 17:11:37
dizajn.hr,1,2025-03-24 08:35:22
fb.me,1,2025-03-24 10:36:33
scontent-vie1-1.xx.fbcdn.net,1,2025-03-24 12:36:36
pi-hole.net,1,2025-03-27 17:19:00
substack.com,1,2025-03-24 13:52:07
www.aljazeera.com,1,2025-03-24 15:51:42
www.websitepulse.com,1,2025-03-24 16:04:27
komodor.com,1,2025-03-24 16:04:34
www.webfx.com,1,2025-03-24 16:05:41
www.thepersonalbarber.com,1,2025-03-24 16:59:41
vm.tiktok.com,1,2025-03-24 22:16:51
en.m.wikipedia.org,1,2025-03-24 21:30:53
accounts.youtube.com,1,2025-03-25 09:33:13
accounts.google.hr,1,2025-03-25 09:33:13
cursor.com,1,2025-03-25 11:20:15
saolar.com,1,2025-03-25 11:50:21
fonts.google.com,1,2025-03-25 13:23:11
www.datawrapper.de,1,2025-03-25 13:23:22
webflow.com,1,2025-03-25 13:23:35
www.jutarnji.hr,1,2025-03-25 13:27:50
sendbee-media-dev.s3.amazonaws.com,1,2025-03-25 14:39:29
wp-royal-themes.com,1,2025-03-25 16:01:46
go.elementor.com,1,2025-03-25 17:10:32
encrypted-tbn0.gstatic.com,1,2025-03-25 17:17:20
www.instagram.com,1,2025-03-25 21:28:39
www.theguardian.com,1,2025-03-25 21:44:52
www.dw.com,1,2025-03-25 21:49:15
www.rif.hr,1,2025-03-26 10:08:01
www.porezna-uprava.hr,1,2025-03-26 10:11:51
mytetka.com,1,2025-03-26 10:13:06
jylyqe.clicks.mlsend.com,1,2025-03-26 10:15:54
www.zagreb.info,1,2025-03-26 17:27:30
sendbee.slack.com,1,2025-03-26 21:45:52
techcrunch.com,1,2025-03-26 23:27:50
robelectro.ru,1,2025-03-27 09:52:08
lovefransk.click,1,2025-03-27 09:52:09
www.uvex-sports.com,1,2025-03-27 09:52:24
www.sportisimo.com,1,2025-03-27 09:52:31
www.idealo.de,1,2025-03-27 09:53:06
www.tifosioptics.com,1,2025-03-27 09:53:38
lnkd.in,1,2025-03-27 12:37:57
gist.githubusercontent.com,1,2025-03-27 12:38:18
deepmind.google,1,2025-03-27 12:42:52
medium.com,1,2025-03-27 13:03:31
facebook.com,1,2025-03-27 15:57:26
wordpress.com,1,2025-03-28 08:02:45
script.dotmetrics.net,1,2025-03-28 10:11:11
twitter.com,1,2025-03-28 10:40:53
www.googleadservices.com,1,2025-03-28 14:14:20
poliklinikaribnjak.hr,1,2025-03-28 14:43:36
pay.stripe.com,1,2025-03-28 15:14:45
festis.dance,1,2025-03-30 12:17:57
gastro.24sata.hr,1,2025-03-30 09:34:02
domacica.com.hr,1,2025-03-30 09:33:57
web.coolinarika.com,1,2025-03-30 09:33:49
www.putniandeo.hr,1,2025-03-29 18:44:44
imgur.com,1,2025-03-30 18:17:44
www.livescience.com,1,2025-03-30 18:18:39
globalmeteornetwork.org,1,2025-03-30 18:19:40
figuresinthesky.visualcinnamon.com,1,2025-03-30 18:29:33
accountscenter.facebook.com,1,2025-03-30 22:12:43
